{
    "all": {
        "train_loss": [
            0.6856899857521057,
            0.6510277986526489,
            0.5795753598213196,
            0.5464548468589783,
            0.5336318612098694
        ],
        "train_acc_list": [
            0.8070798070798071,
            0.6458276458276458,
            0.6734006734006734,
            0.7421057421057421,
            0.7876967876967877
        ],
        "train_auroc_list": [
            0.663191078965917,
            0.7286495633777367,
            0.8066524561905546,
            0.8239514534994452,
            0.8339652607812823
        ],
        "train_auprc_list": [
            0.3459002854392629,
            0.4298922304744644,
            0.5184999812293722,
            0.520547037773139,
            0.5196850850553878
        ],
        "test_loss_list": [
            0.6743924021720886,
            0.6536576747894287,
            0.6459596753120422,
            0.6409658193588257,
            0.6302359104156494
        ],
        "test_acc_list": [
            0.6538356538356538,
            0.6415506415506416,
            0.7136227136227137,
            0.6306306306306306,
            0.6762216762216762
        ],
        "test_auroc_list": [
            0.6734184863558441,
            0.6773362212827687,
            0.6739191601661039,
            0.6938646464403146,
            0.700686891680484
        ],
        "test_auprc_list": [
            0.5364510218516585,
            0.5545808670465445,
            0.5677696326371111,
            0.5969255837037861,
            0.6020325034186439
        ]
    },
    "CD4": {
        "train_loss": [
            0.6856899857521057,
            0.6510277986526489,
            0.5795753598213196,
            0.5464548468589783,
            0.5336318612098694
        ],
        "train_acc_list": [
            0.8070798070798071,
            0.6458276458276458,
            0.6734006734006734,
            0.7421057421057421,
            0.7876967876967877
        ],
        "train_auroc_list": [
            0.663191078965917,
            0.7286495633777367,
            0.8066524561905546,
            0.8239514534994452,
            0.8339652607812823
        ],
        "train_auprc_list": [
            0.3459002854392629,
            0.4298922304744644,
            0.5184999812293722,
            0.520547037773139,
            0.5196850850553878
        ],
        "test_loss_list": [
            0.6743924021720886,
            0.6536576747894287,
            0.6459596753120422,
            0.6409658193588257,
            0.6302359104156494
        ],
        "test_acc_list": [
            0.6538356538356538,
            0.6415506415506416,
            0.7136227136227137,
            0.6306306306306306,
            0.6762216762216762
        ],
        "test_auroc_list": [
            0.6734184863558441,
            0.6773362212827687,
            0.6739191601661039,
            0.6938646464403146,
            0.700686891680484
        ],
        "test_auprc_list": [
            0.5364510218516585,
            0.5545808670465445,
            0.5677696326371111,
            0.5969255837037861,
            0.6020325034186439
        ]
    }
}